Név;Irányítószám;Életkor;E-mail cím;TAJ-szám
Daryl Chasier;1941;86;dchasier0@comcast.net;8365670003
Sunny Stanlake;1111;86;sstanlake1@etsy.com;8365670003
Kristofor Brigginshaw;2222;75;kbrigginshaw2@patch.com;8365670003
Trever Spennock;2222;76;tspennock3@yellowbook.com;8365670003
Beckie Middleweek;2222;32;bmiddleweek4@opensource.org;8365670003
Orly McKeran;2222;39;omckeran5@fotki.com;8365670003
Harlie Samwyse;6591;37;hsamwyse6@bloomberg.com;8365670003
Angie O' Mara;1111;59;ao7@infoseek.co.jp;8365670003
Scarface Shermore;1111;42;sshermore8@businessinsider.com;8365670003
Valerie Pummell;1111;27;vpummell9@army.mil;8365670003
Eustacia Foux;1631;30;efouxa@harvard.edu;8365670003
Jammie Seivertsen;1111;71;jseivertsenb@ox.ac.uk;8365670003
Jasun Tennick;8196;55;jtennickc@merriam-webster.com;8365670003
Joanne Rikel;1111;32;jrikeld@google.co.uk;8365670003
Gustavus Wassung;3139;96;gwassunge@yolasite.com;8365670003
Kirsteni Antuoni;1111;12;kantuonif@mozilla.com;8365670003
Karry Kropach;6165;44;kkropachg@istockphoto.com;8365670003
Fawn Monkeman;8388;46;fmonkemanh@unblog.fr;8365670003
Haywood Swait;3393;24;hswaiti@constantcontact.com;8365670003